CGPA,Aptitude_Score,Coding_Score,Communication_Score,Internships,Projects,Attendance,Certifications,Backlogs,Placed
8.87,94,79,77,3,2,76,0,0,1
7.19,63,69,52,2,3,71,1,1,0
9.29,86,87,94,3,1,93,1,0,1
8.49,44,54,82,3,3,92,3,0,1
5.47,39,63,58,0,1,63,1,1,0
9.88,81,73,50,1,2,96,3,1,1
8.81,64,86,62,1,2,80,1,0,1
8.93,88,77,83,1,1,86,0,0,1
5.64,81,30,73,2,3,85,1,1,0
7.25,51,59,80,3,6,86,0,1,1
6.85,53,66,45,1,0,85,3,0,0
9.63,86,92,82,0,2,100,1,0,1
8.22,94,70,83,3,3,77,1,1,1
9.11,64,100,56,1,3,78,3,3,1
7.22,70,79,66,3,2,72,1,1,0
6.14,83,51,64,1,0,72,1,0,0
7.77,49,79,65,3,1,60,0,2,0
5.32,37,78,34,0,4,69,3,2,0
9.14,74,100,72,0,0,82,1,1,1
8.16,66,53,67,0,1,90,0,0,0
8.79,88,62,72,2,1,88,1,0,1
6.77,67,82,57,0,1,72,1,1,0
9.85,62,69,74,0,4,95,0,1,1
9.47,89,62,77,1,1,94,1,0,1
8.89,71,70,80,1,2,79,2,1,1
5.97,74,60,56,1,4,69,1,1,0
7.33,59,63,62,2,1,59,1,2,0
5.22,44,38,57,0,2,61,4,0,0
5.77,63,42,36,3,3,66,5,0,0
8.42,85,63,78,0,3,84,3,2,0
8.72,83,63,74,2,2,76,1,0,1
9.84,63,100,80,3,3,85,2,1,1
6.63,69,64,75,0,5,65,1,2,0
6.85,51,74,41,4,1,79,2,1,0
7.35,71,57,43,1,2,83,1,0,0
5.95,39,51,63,0,2,77,2,3,0
5.65,61,40,58,0,3,73,2,0,0
7.38,57,25,69,1,1,66,2,1,0
6.13,42,34,55,0,3,69,1,0,0
8.35,84,46,80,1,2,80,1,0,1
7.19,69,30,77,0,2,75,1,1,0
9.16,72,61,82,1,1,87,2,0,1
8.5,94,94,69,2,2,97,1,1,1
6.56,56,58,38,4,1,84,3,0,0
9.16,81,99,85,2,4,78,1,0,1
9.02,83,84,90,3,1,92,1,1,1
6.94,57,73,72,0,4,84,5,0,1
6.44,67,44,52,1,4,69,3,0,0
8.41,68,81,80,1,2,91,4,2,1
5.7,51,63,69,0,1,71,1,1,0
6.0,76,45,79,1,4,61,2,0,0
5.04,38,55,45,1,5,74,1,1,0
8.93,47,86,72,1,3,88,2,0,1
8.32,95,64,81,1,3,81,2,1,1
8.53,100,57,73,2,2,84,0,1,1
8.9,73,59,61,1,2,79,3,1,1
7.29,42,66,71,0,2,85,2,1,1
7.84,67,74,76,1,4,81,0,0,1
5.7,52,40,60,3,2,74,2,0,0
5.57,53,51,60,1,2,75,3,1,0
8.34,60,81,69,0,0,73,1,1,0
7.36,75,74,85,0,1,71,2,1,0
7.83,78,92,58,2,1,61,1,2,1
8.82,58,96,67,3,2,90,0,1,1
8.17,82,56,71,3,2,72,1,0,1
7.77,97,93,79,1,3,82,0,0,1
7.8,73,60,51,1,3,85,3,2,1
6.52,57,74,47,0,2,82,2,1,0
5.15,50,48,31,0,2,60,0,0,0
7.18,74,57,66,1,0,78,0,1,0
6.07,36,27,47,0,1,89,1,0,0
7.04,67,60,61,1,1,94,2,1,0
9.27,76,57,84,3,2,96,1,0,1
6.17,83,70,53,0,1,78,0,1,0
5.29,51,71,59,1,1,62,3,1,0
6.41,83,45,58,3,1,82,0,0,0
6.47,47,62,70,2,1,74,1,0,0
8.31,82,62,77,0,2,88,2,1,1
7.79,75,59,61,0,1,75,3,0,0
8.92,67,89,73,1,1,84,0,2,1
8.32,77,72,84,1,4,85,0,0,1
7.03,81,88,70,3,1,80,1,0,1
9.07,75,71,59,0,0,91,0,1,1
5.83,35,68,67,1,0,68,1,0,0
5.11,52,48,43,4,2,58,0,0,0
5.45,42,62,74,2,3,86,2,0,0
8.61,72,68,85,1,1,100,1,1,1
7.31,66,64,70,0,1,83,3,0,1
5.81,34,51,61,0,1,61,2,0,0
7.51,48,54,65,0,1,73,0,0,0
5.76,63,62,67,2,1,78,2,0,0
8.48,69,84,68,1,2,96,2,1,1
7.23,33,73,69,1,1,68,1,2,0
6.91,75,84,75,1,2,77,3,1,1
6.51,65,80,56,3,5,78,2,0,1
8.15,64,66,63,0,3,90,2,0,1
6.81,47,66,50,4,2,74,2,1,0
5.44,65,40,44,3,2,58,4,0,0
5.59,60,51,36,2,3,78,2,0,0
9.81,100,75,88,1,2,99,0,0,1
9.54,88,100,99,0,1,87,2,1,1
8.5,81,79,90,2,1,88,2,1,1
6.33,58,53,42,0,5,71,4,0,0
9.85,96,100,88,3,3,82,1,0,1
8.89,86,45,92,1,3,95,2,0,1
8.58,92,44,67,1,1,88,1,1,1
7.25,60,76,67,1,4,83,1,0,1
6.36,55,58,38,1,2,89,1,1,0
5.48,48,54,61,2,1,62,1,0,0
9.51,93,62,65,1,3,83,2,2,1
7.28,86,64,69,1,2,81,2,1,1
6.01,52,84,41,1,4,69,1,2,0
6.53,56,71,69,1,1,83,3,0,0
7.9,75,72,82,1,1,80,0,1,1
5.88,54,46,50,2,3,65,1,0,0
9.28,93,74,63,3,3,88,3,4,1
8.79,48,44,48,1,3,87,2,1,1
8.6,65,79,70,2,2,93,0,1,1
7.16,56,76,59,1,4,82,0,1,1
8.14,43,47,52,2,4,87,2,1,1
7.92,59,59,75,1,3,85,0,0,1
8.25,62,55,66,0,5,81,1,0,1
5.42,51,35,44,2,5,65,2,0,0
7.08,80,63,59,0,3,81,0,1,0
5.21,49,20,69,0,4,68,1,1,0
7.47,55,75,75,1,1,95,0,0,1
6.65,62,71,62,2,2,89,2,1,0
5.72,70,48,66,1,0,79,1,0,0
5.52,42,20,44,1,3,75,2,0,0
7.94,60,55,70,1,3,81,1,0,1
5.85,64,71,61,2,0,62,2,1,0
9.63,81,41,73,2,1,87,1,0,1
7.91,80,64,75,0,1,83,1,1,0
6.73,63,42,54,1,3,79,0,1,0
7.95,81,82,76,0,2,86,2,1,1
5.11,38,37,62,1,2,79,1,0,0
9.79,84,90,44,2,5,83,1,2,1
7.41,65,74,81,0,5,73,0,1,0
8.91,63,100,38,1,4,99,3,2,1
5.41,34,46,50,1,1,79,3,0,0
7.43,77,71,79,1,1,76,2,0,1
7.45,64,43,63,0,3,79,2,1,0
9.69,71,100,61,1,1,88,5,0,1
7.86,70,57,56,0,2,82,1,1,0
7.37,82,57,79,2,2,84,0,0,1
6.33,31,56,39,4,3,98,3,1,0
6.66,43,36,77,3,0,78,4,1,0
7.6,57,70,67,1,1,86,1,0,0
7.19,85,78,52,2,3,64,0,1,1
5.11,55,51,49,2,1,66,1,1,0
9.13,90,55,63,2,1,98,0,5,0
9.48,68,80,88,1,3,92,1,0,1
5.7,41,63,67,2,1,55,1,4,0
7.77,76,40,48,0,3,87,1,4,0
5.54,56,34,53,0,3,89,0,1,0
8.36,82,86,61,0,2,65,0,1,1
6.41,58,61,78,1,1,89,1,0,0
8.3,78,79,55,0,5,58,1,0,1
8.63,78,100,92,2,2,93,1,0,1
8.84,88,84,74,3,1,85,2,0,1
5.54,65,60,44,4,2,55,1,2,0
9.58,62,100,70,1,1,92,1,0,1
6.15,30,52,51,3,2,85,1,0,0
5.19,65,36,41,1,0,74,3,2,0
7.77,86,75,70,0,4,86,2,2,1
6.85,51,67,50,1,3,74,3,2,0
9.15,56,71,50,0,5,70,0,0,1
9.04,81,63,71,0,3,92,2,0,1
6.59,74,93,41,0,2,92,0,0,0
9.76,100,89,70,2,1,99,1,2,1
6.45,68,47,51,0,2,58,1,1,0
7.58,64,80,57,1,3,67,0,0,1
6.28,48,55,85,1,2,68,0,1,0
9.68,84,80,79,1,0,74,0,0,1
5.82,53,61,62,1,0,74,2,0,0
5.22,39,28,35,4,3,74,3,0,0
7.18,93,69,58,2,3,66,2,2,1
9.96,100,100,82,1,3,97,2,1,1
9.46,97,89,65,3,1,93,1,1,1
8.74,65,70,85,0,3,80,1,0,1
9.45,93,74,63,1,3,86,3,1,1
9.47,91,76,74,2,6,70,2,0,1
7.59,75,63,61,0,1,77,1,0,1
6.58,78,53,65,0,2,76,1,1,0
8.86,86,91,67,1,3,87,2,0,1
8.31,84,46,68,0,1,87,3,1,1
6.87,72,74,62,1,2,80,1,1,0
5.47,59,44,49,1,0,70,3,2,0
8.73,54,81,79,1,0,87,1,1,0
6.31,61,40,64,3,2,84,0,2,0
9.68,77,100,77,2,1,88,3,2,1
6.2,43,74,56,1,4,78,1,0,0
5.61,77,65,68,0,2,71,2,2,0
9.16,100,57,73,1,0,81,2,0,1
5.77,74,65,55,1,1,78,2,1,0
5.9,61,59,61,1,4,69,2,1,0
8.0,90,46,90,1,2,85,0,0,0
9.37,82,81,61,0,3,88,2,0,1
5.98,60,59,69,0,2,71,4,0,0
6.55,48,67,40,0,2,73,1,1,0
8.89,83,80,77,0,1,81,1,1,1
9.86,86,89,98,0,1,75,0,0,1
7.5,52,88,73,1,3,83,1,1,1
5.72,55,70,61,0,2,75,0,0,0
5.07,50,20,49,0,3,78,1,0,0
6.15,82,50,61,0,2,70,3,2,0
5.66,67,49,55,1,2,90,1,1,0
8.39,75,47,63,1,2,80,1,1,1
5.61,59,52,55,0,2,65,2,2,0
7.53,69,85,70,1,3,71,1,0,1
8.47,73,57,63,0,2,68,0,0,1
7.91,57,74,60,0,3,95,0,0,1
6.0,56,40,44,4,1,86,0,0,0
9.02,69,68,80,1,2,91,0,0,1
8.58,60,97,79,1,2,76,2,1,1
8.69,83,67,76,2,0,100,1,1,1
5.66,61,58,70,2,2,69,1,1,0
5.62,32,23,59,1,2,70,2,1,0
9.64,82,100,83,3,1,100,3,0,1
6.99,78,71,69,2,1,84,0,2,0
6.5,75,55,61,0,0,96,3,0,0
7.44,81,74,61,0,3,82,3,0,0
8.31,75,51,98,1,3,80,1,2,1
9.78,73,100,73,2,1,84,3,0,1
6.43,47,53,54,0,0,59,1,0,0
9.62,88,80,83,1,3,86,1,2,1
5.12,57,40,59,2,2,81,2,2,0
7.78,87,60,52,1,1,87,1,0,1
8.17,87,82,84,1,5,83,2,1,1
5.53,53,54,57,3,1,63,3,1,0
5.7,40,61,45,1,0,75,2,0,0
7.1,62,63,80,0,3,88,3,1,0
9.83,88,92,87,0,2,93,1,0,1
7.98,69,64,55,1,1,83,2,1,1
9.67,76,100,100,1,3,82,3,0,1
9.02,82,55,83,0,1,94,3,2,1
7.34,61,84,67,1,3,55,1,1,0
8.92,70,98,94,3,5,89,0,0,1
5.09,56,34,57,1,3,93,1,1,0
5.55,50,84,57,2,2,59,1,1,0
9.15,83,94,68,0,2,84,0,0,1
8.98,82,92,82,0,1,86,4,0,1
6.16,44,56,67,0,4,70,2,0,0
7.65,63,64,68,3,3,90,3,0,1
8.03,91,67,61,1,2,86,1,1,1
9.34,66,87,78,1,3,89,2,0,1
8.02,45,91,69,0,1,89,0,0,1
7.06,41,65,49,1,1,78,5,1,0
6.87,64,47,47,2,2,100,1,1,0
7.13,66,75,72,3,1,80,0,2,0
8.26,72,86,40,3,5,85,1,2,1
9.34,97,91,79,0,2,72,4,0,1
7.27,32,75,61,0,3,74,0,0,0
6.24,65,52,77,1,1,85,1,0,0
6.18,80,42,55,0,2,63,1,1,0
8.73,62,63,82,0,1,66,0,0,1
9.08,75,54,71,1,0,87,0,0,1
5.53,45,54,59,3,3,84,1,1,0
5.33,42,47,65,2,3,72,1,1,0
7.97,68,63,64,1,0,79,1,0,1
5.73,75,20,71,1,1,56,0,2,0
9.12,100,60,64,2,3,91,3,1,1
6.55,57,75,66,1,1,82,1,2,0
5.72,81,42,70,2,3,57,1,1,0
9.6,84,88,86,0,2,99,0,0,1
5.83,80,32,82,1,1,80,1,1,0
6.42,60,79,53,3,2,86,0,0,1
5.77,58,50,42,2,2,78,0,0,0
5.58,60,55,46,1,3,78,2,1,0
5.11,93,82,63,1,1,75,3,0,0
5.28,64,71,62,1,6,79,3,2,0
5.87,48,48,61,1,3,57,0,1,0
5.27,65,39,43,0,2,58,0,2,0
7.96,67,65,79,2,2,75,0,1,1
8.4,68,81,57,1,2,82,0,0,1
6.97,77,60,79,0,6,81,1,0,1
6.59,63,53,97,0,0,79,2,0,0
7.52,72,88,72,3,4,90,2,1,1
9.38,82,79,84,0,1,98,5,1,1
9.26,85,100,70,1,1,79,3,0,1
5.22,58,49,34,3,2,73,3,0,0
5.91,32,80,52,2,3,66,1,0,0
6.18,68,61,48,1,3,73,3,2,0
6.25,47,70,44,1,1,78,1,2,0
7.86,52,58,90,3,2,55,2,0,0
7.08,65,50,69,1,1,100,2,0,0
5.25,54,55,61,0,2,76,3,1,0
6.87,55,76,61,0,1,72,2,0,0
7.62,80,68,66,1,0,98,1,1,0
5.51,37,31,69,0,1,69,2,1,0
9.17,75,59,75,2,3,88,2,1,1
5.26,45,27,63,1,3,67,5,0,0
9.62,83,56,76,2,1,100,2,1,1
5.5,58,52,53,4,3,71,1,2,0
9.22,67,97,59,2,1,88,2,0,1
9.51,92,82,54,0,3,99,0,3,1
9.9,86,51,76,0,3,95,2,1,1
9.01,54,75,76,3,2,86,2,1,1
8.9,53,75,59,0,1,96,3,0,1
8.21,73,100,71,1,2,100,2,2,1
8.89,75,55,75,4,1,88,0,1,1
5.67,54,45,32,0,0,74,1,0,0
7.68,69,93,57,0,2,82,4,0,1
7.57,72,73,73,1,4,92,2,0,1
9.29,93,89,81,0,4,82,1,0,1
7.31,53,66,53,1,4,77,0,0,0
6.93,49,66,67,4,4,64,0,0,1
8.2,59,83,83,1,2,72,0,2,1
6.33,64,44,71,1,1,71,2,0,0
5.7,72,65,57,0,1,72,3,1,0
7.39,62,45,61,2,2,95,5,1,1
7.08,33,68,58,1,3,83,3,0,0
6.16,37,58,66,1,2,66,0,0,0
6.84,53,51,67,0,1,71,1,4,0
6.83,57,60,72,0,2,90,1,0,0
6.64,57,50,65,1,0,87,1,1,0
6.9,65,45,74,1,2,78,2,0,1
8.43,71,68,73,0,2,80,0,0,1
6.48,75,41,72,1,2,86,3,2,0
9.74,75,89,89,2,3,80,1,0,1
9.58,72,65,68,1,1,92,2,0,1
7.4,74,76,45,0,1,100,2,2,0
6.64,43,41,82,3,2,78,1,0,0
7.68,75,59,71,1,0,74,0,1,0
9.24,82,71,56,1,3,91,0,1,1
8.26,72,92,63,1,1,79,1,0,1
9.02,100,83,84,3,3,74,4,0,1
7.66,62,64,65,1,2,87,0,1,0
8.16,100,79,65,0,4,93,2,0,1
6.44,58,26,79,1,2,73,1,2,0
8.67,60,75,61,0,2,81,1,0,1
6.01,59,84,50,0,2,65,1,1,0
8.47,61,76,75,1,1,83,1,1,1
9.3,71,81,81,0,0,82,0,0,1
5.66,61,60,64,1,1,64,2,0,0
8.07,80,84,81,2,2,99,2,1,1
5.48,46,20,60,2,6,76,0,0,0
8.63,89,50,79,0,1,90,1,0,1
5.42,69,53,54,0,1,80,2,1,0
9.68,100,73,79,0,2,96,3,1,1
5.69,63,71,60,3,1,69,0,0,0
9.79,100,80,82,2,4,92,1,2,1
9.0,55,49,84,2,0,84,2,0,1
7.97,68,51,77,2,4,86,1,0,1
8.91,67,36,75,1,3,89,4,0,1
8.98,80,74,65,0,3,82,3,2,1
9.73,77,81,79,0,2,77,0,0,1
6.27,58,50,61,2,2,76,1,0,0
7.95,96,86,72,0,3,80,4,0,1
5.48,52,68,84,0,1,55,1,1,0
8.08,78,68,64,0,4,87,1,2,1
5.86,54,21,64,2,3,82,1,1,0
7.82,72,78,82,1,0,100,1,1,1
7.86,71,77,70,0,1,78,1,0,0
7.33,73,69,95,0,2,74,2,1,0
7.61,84,82,64,4,2,70,0,1,1
8.82,99,59,78,0,1,87,3,2,1
9.0,83,100,65,0,1,88,3,0,1
7.46,76,51,63,0,3,73,1,1,0
8.0,57,81,73,0,0,80,1,1,0
9.66,82,58,88,1,3,71,4,0,1
5.6,67,37,62,2,3,81,2,1,0
5.59,66,73,73,1,2,65,2,1,0
5.44,57,46,56,0,1,71,1,0,0
8.29,86,85,67,0,3,70,1,0,1
7.09,72,66,98,1,4,73,1,3,0
8.87,94,75,79,3,2,83,0,1,1
8.36,78,93,63,2,1,83,3,1,1
6.67,58,56,55,2,4,81,2,1,0
9.49,87,55,66,0,3,100,3,0,1
8.81,40,64,85,1,2,92,5,1,1
6.35,65,65,57,0,2,84,1,0,0
6.82,25,66,66,0,4,90,0,2,0
6.57,40,35,62,1,3,81,2,1,0
5.79,62,41,68,1,1,73,3,0,0
5.74,62,43,49,3,2,82,0,0,0
9.68,69,78,65,0,3,98,1,1,1
7.19,57,43,69,1,5,85,2,0,0
6.92,82,52,72,4,1,65,2,1,0
8.65,70,64,77,0,3,77,0,2,0
7.76,99,80,59,1,2,79,3,0,1
9.68,84,96,87,1,3,96,2,1,1
8.9,84,75,66,1,1,85,0,0,1
7.4,89,59,61,0,3,90,1,0,1
6.88,66,63,53,0,1,89,1,0,0
9.93,72,73,95,1,6,100,2,0,1
8.59,75,58,81,1,3,95,2,2,0
9.76,84,70,86,0,2,80,1,1,1
5.59,37,41,73,0,2,77,3,0,0
9.25,77,63,100,2,2,82,1,0,1
8.19,64,74,50,3,2,68,3,1,1
5.61,67,62,49,2,0,70,0,1,0
7.94,72,46,62,1,2,94,0,3,0
8.43,71,74,62,0,2,88,3,0,1
5.06,50,43,42,1,3,88,2,1,0
7.27,70,69,63,0,1,81,2,2,0
9.13,88,79,61,0,4,100,0,2,1
6.48,48,36,66,0,1,78,0,1,0
7.29,53,45,67,2,2,79,0,1,0
7.21,81,64,72,0,1,67,1,0,0
6.51,56,74,69,1,0,86,1,3,0
9.59,65,50,85,2,4,84,0,0,1
8.91,84,82,70,3,1,80,1,0,1
5.55,61,68,83,1,2,84,2,3,0
9.99,66,84,83,1,2,100,0,1,1
9.4,85,89,55,0,0,98,2,0,1
6.42,71,47,50,2,4,72,2,2,0
9.18,85,78,55,0,2,86,2,0,1
5.53,63,26,58,0,2,72,5,2,0
10.0,68,51,79,1,3,97,3,1,1
8.33,79,87,66,3,6,97,3,2,1
8.25,70,57,95,0,2,86,3,1,1
5.45,48,43,64,0,0,90,3,0,0
9.49,94,61,86,1,1,96,1,0,1
5.14,71,26,45,0,2,68,1,1,0
6.2,83,53,49,1,4,82,4,0,0
5.72,73,41,59,2,1,88,1,1,0
8.88,77,83,76,2,1,100,2,2,1
5.99,63,61,38,2,3,85,3,0,0
9.55,93,87,76,1,2,88,0,1,1
8.28,76,76,72,0,1,81,0,0,1
5.18,54,71,53,0,3,76,3,3,0
5.03,62,30,45,1,1,85,1,2,0
5.26,52,47,50,2,1,75,1,2,0
8.03,63,87,68,1,1,86,1,0,0
9.01,74,97,76,1,3,87,3,1,1
6.19,68,34,68,0,2,72,3,0,0
9.25,81,75,89,2,2,86,2,0,1
5.29,57,69,53,2,2,72,1,1,0
9.0,88,86,70,0,1,100,1,0,1
9.64,79,86,83,0,2,86,1,0,1
8.86,88,74,82,0,1,86,1,0,1
8.49,80,68,67,1,5,76,1,1,1
9.19,64,84,85,1,2,93,0,0,1
5.2,71,44,68,2,4,83,3,1,0
6.01,52,53,76,1,4,89,0,0,0
5.62,34,52,79,2,3,74,0,1,0
7.52,55,56,57,1,3,85,3,3,0
8.73,64,84,74,1,3,84,2,2,1
8.15,74,100,71,2,3,87,1,1,1
9.26,77,53,75,1,2,90,2,2,1
5.78,52,57,51,1,3,74,3,0,0
8.67,85,64,56,0,1,86,0,2,0
5.97,62,62,61,3,3,78,2,0,0
6.35,65,57,53,3,1,73,1,1,0
8.55,81,86,74,3,2,82,1,1,1
9.9,93,100,70,0,0,100,1,0,1
8.06,45,73,57,0,3,100,1,1,0
5.27,48,65,59,2,2,60,0,2,0
8.08,44,35,72,2,4,71,0,1,0
5.21,53,72,63,0,1,62,3,1,0
9.42,82,87,100,2,1,87,1,2,1
8.55,89,91,76,4,0,92,1,1,1
5.87,73,35,65,1,0,79,4,1,0
5.46,57,37,44,1,2,73,0,1,0
5.92,51,56,44,1,3,78,0,0,0
9.9,92,85,98,1,3,83,3,2,1
7.29,60,69,55,0,1,77,3,1,0
8.92,78,94,62,0,4,85,0,1,1
8.18,86,45,70,2,1,68,0,0,1
7.86,64,83,68,2,1,71,2,2,1
5.73,67,52,48,1,3,63,1,0,0
9.73,93,81,75,0,0,96,1,1,1
6.51,49,36,77,1,1,78,0,0,0
7.89,84,77,60,4,1,87,2,0,1
8.5,85,38,56,1,5,67,0,0,1
8.25,75,82,83,0,4,70,1,0,1
9.7,74,61,84,1,2,95,0,1,1
5.74,45,53,51,1,1,55,0,1,0
7.54,62,65,49,1,1,91,3,1,0
7.02,72,80,56,0,0,62,3,1,0
7.37,55,62,66,0,0,87,1,2,0
5.6,61,40,72,2,1,64,2,1,0
5.67,40,44,46,2,0,82,3,2,0
6.39,58,76,61,3,1,100,2,1,0
6.52,63,66,71,0,4,56,3,0,0
7.14,98,57,37,4,0,85,2,1,0
8.05,54,67,83,2,1,66,0,0,1
8.17,92,48,57,0,0,87,0,0,1
7.06,67,68,69,0,1,76,1,1,0
7.04,71,36,68,3,0,79,1,2,0
6.09,60,66,73,1,2,66,1,2,0
7.94,77,71,76,1,0,89,4,2,0
6.59,60,95,34,1,1,63,0,0,0
5.18,71,31,46,1,4,82,0,1,0
7.09,60,61,67,4,2,75,1,1,0
7.37,82,92,65,3,2,67,1,1,1
6.13,51,73,66,3,1,89,4,1,0
7.86,70,58,79,1,2,81,0,0,0
7.83,57,72,76,0,1,98,2,0,0
8.51,81,74,70,2,0,95,2,0,1
8.24,92,76,49,3,2,76,1,1,1
8.26,73,62,66,2,4,82,4,0,1
6.58,60,57,68,0,2,77,0,1,0
8.94,64,54,62,2,2,99,2,0,1
7.75,67,70,76,2,2,85,0,2,0
7.16,45,70,77,0,5,80,2,0,0
8.13,61,68,72,4,5,81,0,0,1
6.8,67,36,27,0,3,77,0,1,0
7.56,86,81,52,2,2,92,2,0,1
8.68,100,81,96,1,1,85,2,2,1
9.43,74,71,71,1,2,84,1,0,1
9.61,100,79,54,1,3,83,1,1,1
7.52,72,44,82,0,3,75,2,0,0
7.6,67,51,68,2,1,68,3,0,1
9.0,85,70,88,0,3,79,1,1,1
6.57,63,77,66,1,0,90,0,0,0
9.19,82,70,81,2,3,85,0,0,1
7.47,63,75,72,1,2,86,0,1,1
5.58,37,43,66,1,2,55,3,1,0
5.36,33,53,84,2,1,77,2,2,0
9.21,89,78,88,1,3,85,2,0,1
5.28,49,61,37,2,2,67,2,1,0
6.4,53,49,67,3,1,77,2,0,0
6.67,63,36,77,1,3,72,4,0,0
5.86,67,32,74,3,3,55,1,1,0
6.57,64,51,58,2,4,85,3,1,0
8.71,68,57,88,1,1,87,2,1,0
5.07,67,53,66,4,0,67,0,1,0
9.14,100,72,100,1,3,78,1,0,1
9.28,87,100,67,0,3,74,0,0,1
6.86,77,35,58,1,6,79,0,0,0
5.77,73,55,55,1,3,88,1,1,0
8.0,87,53,64,1,3,84,2,0,1
5.6,63,43,47,1,3,60,0,1,0
6.82,72,63,31,2,2,79,0,0,0
9.79,91,49,74,3,3,89,1,0,1
9.98,72,89,84,2,3,98,2,0,1
8.86,87,100,68,1,2,91,1,1,1
6.55,44,52,86,1,2,55,2,0,0
8.44,65,77,72,0,1,89,3,1,1
8.53,93,90,88,4,4,75,1,2,1
6.94,76,59,68,0,2,65,0,0,0
8.2,93,63,81,1,2,81,0,0,1
5.05,48,20,59,1,2,74,2,0,0
6.05,43,64,77,0,1,59,0,0,0
7.63,66,65,69,0,2,87,2,1,0
5.82,58,37,65,0,2,80,4,0,0
5.83,58,55,64,0,2,74,0,0,0
9.18,95,71,72,1,2,79,1,2,1
9.95,81,78,85,3,2,81,1,1,1
7.78,75,77,96,1,3,90,5,1,1
9.2,68,60,73,2,6,73,1,1,1
9.95,92,100,85,0,3,99,2,0,1
5.71,56,31,74,2,0,71,0,1,0
7.24,57,54,80,3,3,78,1,0,1
6.96,62,91,65,0,1,62,1,2,0
5.4,51,66,28,0,5,70,2,2,0
8.78,74,78,80,2,2,91,0,1,1
7.17,89,49,39,1,2,67,3,1,0
7.35,66,57,84,1,2,84,5,0,1
5.75,53,53,61,2,2,74,2,1,0
5.9,30,54,71,0,1,68,5,0,0
9.54,71,81,67,1,0,96,0,1,1
5.22,49,47,37,0,1,55,2,0,0
6.16,50,52,64,1,2,78,2,0,0
6.46,79,36,62,1,1,90,2,0,0
7.45,66,58,61,1,1,93,3,1,0
7.93,88,83,71,0,3,85,1,0,1
7.47,69,45,100,1,1,77,0,0,0
5.42,54,47,67,1,2,66,1,0,0
6.22,58,43,74,0,0,72,2,0,0
9.22,81,81,86,2,3,92,4,0,1
8.19,96,66,89,0,2,75,0,1,0
8.25,44,94,69,3,3,90,0,0,1
8.35,48,80,47,1,2,100,3,0,1
8.81,71,57,72,0,2,85,0,0,1
5.29,53,58,66,1,1,59,2,0,0
6.83,73,49,53,1,1,65,1,0,0
7.7,76,59,66,0,3,88,0,0,1
6.69,58,64,55,1,3,76,1,0,0
9.22,94,72,94,1,2,95,2,1,1
7.41,81,79,76,1,0,75,1,2,0
8.84,80,65,82,0,2,93,0,0,1
9.26,93,71,84,1,1,86,3,0,1
7.52,72,56,67,1,1,73,3,0,1
9.55,76,74,80,0,2,85,1,1,1
7.94,81,86,55,0,2,71,2,1,0
9.25,82,89,50,2,5,100,3,2,1
6.7,63,85,65,1,4,76,2,2,0
7.49,88,100,71,1,0,86,1,0,1
7.66,38,52,83,2,4,76,5,0,1
5.52,36,51,76,0,4,63,0,0,0
6.99,49,44,84,0,1,76,3,1,0
9.59,78,71,66,0,1,98,1,0,1
8.15,70,62,67,2,3,78,1,1,0
5.89,38,37,65,2,1,66,1,1,0
6.69,50,44,94,0,2,78,1,2,0
5.96,47,52,78,1,2,78,1,1,0
5.12,84,29,69,2,1,85,1,1,0
9.64,100,96,74,4,2,92,2,0,1
7.24,61,50,56,3,0,85,1,2,0
6.54,57,100,72,2,3,83,0,1,0
7.99,57,63,57,3,6,72,1,0,1
5.04,26,47,52,4,4,61,3,2,0
6.39,59,38,61,1,3,66,1,0,0
8.52,63,100,92,1,1,72,0,0,1
8.17,72,88,67,2,4,90,3,0,1
9.91,65,90,50,0,2,92,0,0,1
8.1,63,51,77,0,4,83,1,0,1
